<?xml version="1.0" encoding="UTF-8"?>
<office:document-content xmlns:office="urn:oasis:names:tc:opendocument:xmlns:office:1.0" xmlns:style="urn:oasis:names:tc:opendocument:xmlns:style:1.0" xmlns:text="urn:oasis:names:tc:opendocument:xmlns:text:1.0" xmlns:table="urn:oasis:names:tc:opendocument:xmlns:table:1.0" xmlns:draw="urn:oasis:names:tc:opendocument:xmlns:drawing:1.0" xmlns:fo="urn:oasis:names:tc:opendocument:xmlns:xsl-fo-compatible:1.0" xmlns:xlink="http://www.w3.org/1999/xlink" xmlns:dc="http://purl.org/dc/elements/1.1/" xmlns:meta="urn:oasis:names:tc:opendocument:xmlns:meta:1.0" xmlns:number="urn:oasis:names:tc:opendocument:xmlns:datastyle:1.0" xmlns:presentation="urn:oasis:names:tc:opendocument:xmlns:presentation:1.0" xmlns:svg="urn:oasis:names:tc:opendocument:xmlns:svg-compatible:1.0" xmlns:chart="urn:oasis:names:tc:opendocument:xmlns:chart:1.0" xmlns:dr3d="urn:oasis:names:tc:opendocument:xmlns:dr3d:1.0" xmlns:math="http://www.w3.org/1998/Math/MathML" xmlns:form="urn:oasis:names:tc:opendocument:xmlns:form:1.0" xmlns:script="urn:oasis:names:tc:opendocument:xmlns:script:1.0" xmlns:ooo="http://openoffice.org/2004/office" xmlns:ooow="http://openoffice.org/2004/writer" xmlns:oooc="http://openoffice.org/2004/calc" xmlns:dom="http://www.w3.org/2001/xml-events" xmlns:xforms="http://www.w3.org/2002/xforms" xmlns:xsd="http://www.w3.org/2001/XMLSchema" xmlns:xsi="http://www.w3.org/2001/XMLSchema-instance" xmlns:rpt="http://openoffice.org/2005/report" xmlns:of="urn:oasis:names:tc:opendocument:xmlns:of:1.2" xmlns:xhtml="http://www.w3.org/1999/xhtml" xmlns:grddl="http://www.w3.org/2003/g/data-view#" xmlns:tableooo="http://openoffice.org/2009/table" xmlns:drawooo="http://openoffice.org/2010/draw" xmlns:calcext="urn:org:documentfoundation:names:experimental:calc:xmlns:calcext:1.0" xmlns:loext="urn:org:documentfoundation:names:experimental:office:xmlns:loext:1.0" xmlns:field="urn:openoffice:names:experimental:ooo-ms-interop:xmlns:field:1.0" xmlns:formx="urn:openoffice:names:experimental:ooxml-odf-interop:xmlns:form:1.0" xmlns:css3t="http://www.w3.org/TR/css3-text/" office:version="1.2"><office:scripts/><office:font-face-decls><style:font-face style:name="Arial" svg:font-family="Arial" style:font-family-generic="swiss" style:font-pitch="variable"/><style:font-face style:name="Liberation Sans" svg:font-family="&apos;Liberation Sans&apos;" style:font-family-generic="swiss" style:font-pitch="variable"/><style:font-face style:name="Times New Roman" svg:font-family="&apos;Times New Roman&apos;" style:font-family-generic="swiss" style:font-pitch="variable"/><style:font-face style:name="Microsoft YaHei" svg:font-family="&apos;Microsoft YaHei&apos;" style:font-family-generic="system" style:font-pitch="variable"/><style:font-face style:name="Segoe UI" svg:font-family="&apos;Segoe UI&apos;" style:font-family-generic="system" style:font-pitch="variable"/><style:font-face style:name="Tahoma" svg:font-family="Tahoma" style:font-family-generic="system" style:font-pitch="variable"/></office:font-face-decls><office:automatic-styles><style:style style:name="co1" style:family="table-column"><style:table-column-properties fo:break-before="auto" style:column-width="22.56mm"/></style:style><style:style style:name="co2" style:family="table-column"><style:table-column-properties fo:break-before="auto" style:column-width="32.39mm"/></style:style><style:style style:name="co3" style:family="table-column"><style:table-column-properties fo:break-before="auto" style:column-width="4.6mm"/></style:style><style:style style:name="co4" style:family="table-column"><style:table-column-properties fo:break-before="auto" style:column-width="6.77mm"/></style:style><style:style style:name="co5" style:family="table-column"><style:table-column-properties fo:break-before="auto" style:column-width="4.87mm"/></style:style><style:style style:name="ro1" style:family="table-row"><style:table-row-properties style:row-height="6mm" fo:break-before="auto" style:use-optimal-row-height="true"/></style:style><style:style style:name="ro2" style:family="table-row"><style:table-row-properties style:row-height="5.15mm" fo:break-before="auto" style:use-optimal-row-height="true"/></style:style><style:style style:name="ro3" style:family="table-row"><style:table-row-properties style:row-height="0.65mm" fo:break-before="auto" style:use-optimal-row-height="false"/></style:style><style:style style:name="ro4" style:family="table-row"><style:table-row-properties style:row-height="5.17mm" fo:break-before="auto" style:use-optimal-row-height="true"/></style:style><style:style style:name="ro5" style:family="table-row"><style:table-row-properties style:row-height="4.52mm" fo:break-before="auto" style:use-optimal-row-height="true"/></style:style><style:style style:name="ta1" style:family="table" style:master-page-name="PageStyle_5f_Лист1"><style:table-properties table:display="true" style:writing-mode="lr-tb"/></style:style><style:style style:name="ce1" style:family="table-cell" style:parent-style-name="Default"><style:table-cell-properties fo:padding="0.71mm"/></style:style><style:style style:name="ce10" style:family="table-cell" style:parent-style-name="Default"><style:table-cell-properties fo:padding="0.71mm"/><style:text-properties style:use-window-font-color="true" style:text-outline="false" style:text-line-through-style="none" style:text-line-through-type="none" style:font-name="Arial" fo:font-size="8pt" fo:font-style="normal" fo:text-shadow="none" style:text-underline-style="none" fo:font-weight="normal" style:font-size-asian="8pt" style:font-style-asian="normal" style:font-weight-asian="normal" style:font-name-complex="Arial" style:font-size-complex="8pt" style:font-style-complex="normal" style:font-weight-complex="normal"/></style:style><style:style style:name="ce12" style:family="table-cell" style:parent-style-name="Default"><style:table-cell-properties fo:padding="0.71mm"/><style:text-properties style:use-window-font-color="true" style:text-outline="false" style:text-line-through-style="none" style:text-line-through-type="none" style:font-name="Arial" fo:font-size="8pt" fo:font-style="normal" fo:text-shadow="none" style:text-underline-style="none" fo:font-weight="bold" style:font-size-asian="8pt" style:font-style-asian="normal" style:font-weight-asian="bold" style:font-name-complex="Arial" style:font-size-complex="8pt" style:font-style-complex="normal" style:font-weight-complex="bold"/></style:style><style:style style:name="ce13" style:family="table-cell" style:parent-style-name="Default"><style:table-cell-properties style:glyph-orientation-vertical="0" fo:background-color="#808080" style:diagonal-bl-tr="none" style:diagonal-tl-br="none" style:text-align-source="fix" style:repeat-content="false" fo:wrap-option="no-wrap" fo:border="2.49pt solid #000000" style:direction="ltr" fo:padding="0.71mm" style:rotation-angle="0" style:rotation-align="none" style:shrink-to-fit="false" style:vertical-align="automatic" loext:vertical-justify="auto"/><style:paragraph-properties fo:text-align="start" css3t:text-justify="auto" fo:margin-left="0mm" style:writing-mode="page"/><style:text-properties style:use-window-font-color="true" style:text-outline="false" style:text-line-through-style="none" style:text-line-through-type="none" style:font-name="Arial" fo:font-size="10pt" fo:font-style="normal" fo:text-shadow="none" style:text-underline-style="none" fo:font-weight="normal" style:font-size-asian="10pt" style:font-style-asian="normal" style:font-weight-asian="normal" style:font-name-complex="Arial" style:font-size-complex="10pt" style:font-style-complex="normal" style:font-weight-complex="normal"/></style:style><style:style style:name="ce14" style:family="table-cell" style:parent-style-name="Default"><style:table-cell-properties fo:background-color="#ffffff" style:diagonal-bl-tr="none" style:diagonal-tl-br="none" fo:border="none" fo:padding="0.71mm" style:rotation-align="none"/></style:style><style:style style:name="ce15" style:family="table-cell" style:parent-style-name="Default"><style:table-cell-properties fo:background-color="#808080" style:diagonal-bl-tr="none" style:diagonal-tl-br="none" fo:border="2.49pt solid #000000" fo:padding="0.71mm" style:rotation-align="none"/></style:style><style:style style:name="ce16" style:family="table-cell" style:parent-style-name="Default"><style:table-cell-properties fo:border-bottom="none" style:diagonal-bl-tr="none" style:diagonal-tl-br="none" fo:border-left="none" fo:padding="0.71mm" fo:border-right="none" style:rotation-align="none" fo:border-top="2.49pt solid #000000"/></style:style><style:style style:name="ce18" style:family="table-cell" style:parent-style-name="Default"><style:table-cell-properties style:glyph-orientation-vertical="0" style:diagonal-bl-tr="none" style:diagonal-tl-br="none" style:text-align-source="fix" style:repeat-content="false" fo:wrap-option="no-wrap" fo:border="none" style:direction="ltr" fo:padding="0.71mm" style:rotation-angle="0" style:rotation-align="none" style:shrink-to-fit="false" style:vertical-align="middle" loext:vertical-justify="auto"/><style:paragraph-properties fo:text-align="start" css3t:text-justify="auto" fo:margin-left="0mm" style:writing-mode="page"/><style:text-properties style:use-window-font-color="true" style:text-outline="false" style:text-line-through-style="none" style:text-line-through-type="none" style:font-name="Arial" fo:font-size="10pt" fo:font-style="normal" fo:text-shadow="none" style:text-underline-style="none" fo:font-weight="normal" style:font-size-asian="10pt" style:font-style-asian="normal" style:font-weight-asian="normal" style:font-name-complex="Arial" style:font-size-complex="10pt" style:font-style-complex="normal" style:font-weight-complex="normal"/></style:style><style:style style:name="ce19" style:family="table-cell" style:parent-style-name="Default"><style:table-cell-properties style:glyph-orientation-vertical="0" style:diagonal-bl-tr="none" style:diagonal-tl-br="none" style:text-align-source="fix" style:repeat-content="false" fo:wrap-option="no-wrap" fo:border="0.74pt solid #000000" style:direction="ltr" fo:padding="0.71mm" style:rotation-angle="0" style:rotation-align="none" style:shrink-to-fit="false" style:vertical-align="middle" loext:vertical-justify="auto"/><style:paragraph-properties fo:text-align="center" css3t:text-justify="auto" fo:margin-left="0mm" style:writing-mode="page"/></style:style><style:style style:name="ce2" style:family="table-cell" style:parent-style-name="Default"><style:table-cell-properties fo:padding="0.71mm"/><style:text-properties style:use-window-font-color="true" style:text-outline="false" style:text-line-through-style="none" style:text-line-through-type="none" style:font-name="Arial" fo:font-size="12pt" fo:font-style="normal" fo:text-shadow="none" style:text-underline-style="none" fo:font-weight="bold" style:font-size-asian="12pt" style:font-style-asian="normal" style:font-weight-asian="bold" style:font-name-complex="Arial" style:font-size-complex="12pt" style:font-style-complex="normal" style:font-weight-complex="bold"/></style:style><style:style style:name="ce20" style:family="table-cell" style:parent-style-name="Default"><style:table-cell-properties style:glyph-orientation-vertical="0" style:diagonal-bl-tr="none" style:diagonal-tl-br="none" style:text-align-source="fix" style:repeat-content="false" fo:wrap-option="no-wrap" fo:border="none" style:direction="ltr" fo:padding="0.71mm" style:rotation-angle="0" style:rotation-align="none" style:shrink-to-fit="false" style:vertical-align="middle" loext:vertical-justify="auto"/><style:paragraph-properties fo:text-align="center" css3t:text-justify="auto" fo:margin-left="0mm" style:writing-mode="page"/><style:text-properties fo:color="#ffffff" style:text-outline="false" style:text-line-through-style="none" style:text-line-through-type="none" style:font-name="Arial" fo:font-size="10pt" fo:font-style="normal" fo:text-shadow="none" style:text-underline-style="none" fo:font-weight="normal" style:font-size-asian="10pt" style:font-style-asian="normal" style:font-weight-asian="normal" style:font-name-complex="Arial" style:font-size-complex="10pt" style:font-style-complex="normal" style:font-weight-complex="normal"/></style:style><style:style style:name="ce21" style:family="table-cell" style:parent-style-name="Default"><style:table-cell-properties style:glyph-orientation-vertical="0" style:diagonal-bl-tr="none" style:diagonal-tl-br="none" style:text-align-source="fix" style:repeat-content="false" fo:wrap-option="no-wrap" fo:border="none" style:direction="ltr" fo:padding="0.71mm" style:rotation-angle="0" style:rotation-align="none" style:shrink-to-fit="false" style:vertical-align="middle" loext:vertical-justify="auto"/><style:paragraph-properties fo:text-align="center" css3t:text-justify="auto" fo:margin-left="0mm" style:writing-mode="page"/></style:style><style:style style:name="ce22" style:family="table-cell" style:parent-style-name="Default"><style:table-cell-properties fo:background-color="#ffff99" fo:padding="0.71mm"/></style:style><style:style style:name="ce24" style:family="table-cell" style:parent-style-name="Default"><style:table-cell-properties style:glyph-orientation-vertical="0" style:diagonal-bl-tr="none" style:diagonal-tl-br="none" style:text-align-source="fix" style:repeat-content="false" fo:wrap-option="no-wrap" fo:border="none" style:direction="ltr" fo:padding="0.71mm" style:rotation-angle="0" style:rotation-align="none" style:shrink-to-fit="false" style:vertical-align="automatic" loext:vertical-justify="auto"/><style:paragraph-properties fo:text-align="center" css3t:text-justify="auto" fo:margin-left="0mm" style:writing-mode="page"/><style:text-properties style:use-window-font-color="true" style:text-outline="false" style:text-line-through-style="none" style:text-line-through-type="none" style:font-name="Arial" fo:font-size="10pt" fo:font-style="normal" fo:text-shadow="none" style:text-underline-style="none" fo:font-weight="normal" style:font-size-asian="10pt" style:font-style-asian="normal" style:font-weight-asian="normal" style:font-name-complex="Arial" style:font-size-complex="10pt" style:font-style-complex="normal" style:font-weight-complex="normal"/></style:style><style:style style:name="ce25" style:family="table-cell" style:parent-style-name="Default"><style:table-cell-properties style:glyph-orientation-vertical="0" style:diagonal-bl-tr="none" style:diagonal-tl-br="none" style:text-align-source="fix" style:repeat-content="false" fo:wrap-option="no-wrap" fo:border="none" style:direction="ltr" fo:padding="0.71mm" style:rotation-angle="0" style:rotation-align="none" style:shrink-to-fit="false" style:vertical-align="automatic" loext:vertical-justify="auto"/><style:paragraph-properties fo:text-align="start" css3t:text-justify="auto" fo:margin-left="0mm" style:writing-mode="page"/><style:text-properties style:use-window-font-color="true" style:text-outline="false" style:text-line-through-style="none" style:text-line-through-type="none" style:font-name="Arial" fo:font-size="10pt" fo:font-style="normal" fo:text-shadow="none" style:text-underline-style="none" fo:font-weight="normal" style:font-size-asian="10pt" style:font-style-asian="normal" style:font-weight-asian="normal" style:font-name-complex="Arial" style:font-size-complex="10pt" style:font-style-complex="normal" style:font-weight-complex="normal"/></style:style><style:style style:name="ce27" style:family="table-cell" style:parent-style-name="Default"><style:table-cell-properties style:diagonal-bl-tr="none" style:diagonal-tl-br="none" fo:background-color="transparent" fo:border="none" fo:padding="0.71mm" style:rotation-align="none"/></style:style><style:style style:name="ce28" style:family="table-cell" style:parent-style-name="Default"><style:table-cell-properties fo:padding="0.71mm"/><style:text-properties style:use-window-font-color="true" style:text-outline="false" style:text-line-through-style="none" style:text-line-through-type="none" style:font-name="Arial" fo:font-size="10pt" fo:font-style="normal" fo:text-shadow="none" style:text-underline-style="none" fo:font-weight="bold" style:font-size-asian="10pt" style:font-style-asian="normal" style:font-weight-asian="bold" style:font-name-complex="Arial" style:font-size-complex="10pt" style:font-style-complex="normal" style:font-weight-complex="bold"/></style:style><style:style style:name="ce29" style:family="table-cell" style:parent-style-name="Default"><style:table-cell-properties style:glyph-orientation-vertical="0" style:text-align-source="fix" style:repeat-content="false" fo:wrap-option="no-wrap" style:direction="ltr" fo:padding="0.71mm" style:rotation-angle="0" style:rotation-align="none" style:shrink-to-fit="false" style:vertical-align="automatic" loext:vertical-justify="auto"/><style:paragraph-properties fo:text-align="end" css3t:text-justify="auto" fo:margin-left="0mm" style:writing-mode="page"/><style:text-properties style:use-window-font-color="true" style:text-outline="false" style:text-line-through-style="none" style:text-line-through-type="none" style:font-name="Arial" fo:font-size="10pt" fo:font-style="normal" fo:text-shadow="none" style:text-underline-style="none" fo:font-weight="normal" style:font-size-asian="10pt" style:font-style-asian="normal" style:font-weight-asian="normal" style:font-name-complex="Arial" style:font-size-complex="10pt" style:font-style-complex="normal" style:font-weight-complex="normal"/></style:style><style:style style:name="ce3" style:family="table-cell" style:parent-style-name="Default"><style:table-cell-properties fo:padding="0.71mm"/><style:text-properties style:use-window-font-color="true" style:text-outline="false" style:text-line-through-style="none" style:text-line-through-type="none" style:font-name="Arial" fo:font-size="12pt" fo:font-style="normal" fo:text-shadow="none" style:text-underline-style="none" fo:font-weight="normal" style:font-size-asian="12pt" style:font-style-asian="normal" style:font-weight-asian="normal" style:font-name-complex="Arial" style:font-size-complex="12pt" style:font-style-complex="normal" style:font-weight-complex="normal"/></style:style><style:style style:name="ce30" style:family="table-cell" style:parent-style-name="Default"><style:table-cell-properties style:glyph-orientation-vertical="0" style:text-align-source="fix" style:repeat-content="false" fo:wrap-option="no-wrap" style:direction="ltr" fo:padding="0.71mm" style:rotation-angle="0" style:rotation-align="none" style:shrink-to-fit="false" style:vertical-align="automatic" loext:vertical-justify="auto"/><style:paragraph-properties fo:text-align="end" css3t:text-justify="auto" fo:margin-left="0mm" style:writing-mode="page"/></style:style><style:style style:name="ce31" style:family="table-cell" style:parent-style-name="Default"><style:table-cell-properties fo:background-color="#ffff99" fo:padding="0.71mm"/><style:text-properties style:use-window-font-color="true" style:text-outline="false" style:text-line-through-style="none" style:text-line-through-type="none" style:font-name="Arial" fo:font-size="12pt" fo:font-style="normal" fo:text-shadow="none" style:text-underline-style="none" fo:font-weight="normal" style:font-size-asian="12pt" style:font-style-asian="normal" style:font-weight-asian="normal" style:font-name-complex="Arial" style:font-size-complex="12pt" style:font-style-complex="normal" style:font-weight-complex="normal"/></style:style><style:style style:name="ce32" style:family="table-cell" style:parent-style-name="Default"><style:table-cell-properties style:glyph-orientation-vertical="0" style:text-align-source="fix" style:repeat-content="false" fo:wrap-option="no-wrap" style:direction="ltr" fo:padding="0.71mm" style:rotation-angle="0" style:rotation-align="none" style:shrink-to-fit="false" style:vertical-align="automatic" loext:vertical-justify="auto"/><style:paragraph-properties fo:text-align="start" css3t:text-justify="auto" fo:margin-left="0mm" style:writing-mode="page"/></style:style><style:style style:name="ce33" style:family="table-cell" style:parent-style-name="Default"><style:table-cell-properties style:glyph-orientation-vertical="0" fo:background-color="#ffff00" style:text-align-source="fix" style:repeat-content="false" fo:wrap-option="no-wrap" style:direction="ltr" fo:padding="0.71mm" style:rotation-angle="0" style:rotation-align="none" style:shrink-to-fit="false" style:vertical-align="automatic" loext:vertical-justify="auto"/><style:paragraph-properties fo:text-align="start" css3t:text-justify="auto" fo:margin-left="0mm" style:writing-mode="page"/></style:style><style:style style:name="ce36" style:family="table-cell" style:parent-style-name="Default"><style:table-cell-properties style:diagonal-bl-tr="none" style:diagonal-tl-br="none" fo:border="none" fo:padding="0.71mm" style:rotation-align="none"/></style:style><style:style style:name="ce4" style:family="table-cell" style:parent-style-name="Default"><style:table-cell-properties fo:background-color="#ffffff" fo:padding="0.71mm"/><style:text-properties style:use-window-font-color="true" style:text-outline="false" style:text-line-through-style="none" style:text-line-through-type="none" style:font-name="Arial" fo:font-size="12pt" fo:font-style="normal" fo:text-shadow="none" style:text-underline-style="none" fo:font-weight="normal" style:font-size-asian="12pt" style:font-style-asian="normal" style:font-weight-asian="normal" style:font-name-complex="Arial" style:font-size-complex="12pt" style:font-style-complex="normal" style:font-weight-complex="normal"/></style:style><style:style style:name="ce42" style:family="table-cell" style:parent-style-name="Default"><style:table-cell-properties fo:background-color="#ffff00" style:diagonal-bl-tr="none" style:diagonal-tl-br="none" fo:border="none" fo:padding="0.71mm" style:rotation-align="none"/></style:style><style:style style:name="ce43" style:family="table-cell" style:parent-style-name="Default"><style:table-cell-properties style:glyph-orientation-vertical="0" fo:background-color="#cccccc" style:diagonal-bl-tr="none" style:diagonal-tl-br="none" style:text-align-source="fix" style:repeat-content="false" fo:wrap-option="no-wrap" fo:border="0.74pt solid #000000" style:direction="ltr" fo:padding="0.71mm" style:rotation-angle="0" style:rotation-align="none" style:shrink-to-fit="false" style:vertical-align="middle" loext:vertical-justify="auto"/><style:paragraph-properties fo:text-align="center" css3t:text-justify="auto" fo:margin-left="0mm" style:writing-mode="page"/><style:text-properties style:use-window-font-color="true" style:text-outline="false" style:text-line-through-style="none" style:text-line-through-type="none" style:font-name="Arial" fo:font-size="12pt" fo:font-style="normal" fo:text-shadow="none" style:text-underline-style="none" fo:font-weight="normal" style:font-size-asian="12pt" style:font-style-asian="normal" style:font-weight-asian="normal" style:font-name-complex="Arial" style:font-size-complex="12pt" style:font-style-complex="normal" style:font-weight-complex="normal"/></style:style><style:style style:name="ce44" style:family="table-cell" style:parent-style-name="Default"><style:table-cell-properties style:glyph-orientation-vertical="0" style:diagonal-bl-tr="none" style:diagonal-tl-br="none" style:text-align-source="fix" style:repeat-content="false" fo:wrap-option="no-wrap" fo:border="0.74pt solid #000000" style:direction="ltr" fo:padding="0.71mm" style:rotation-angle="0" style:rotation-align="none" style:shrink-to-fit="false" style:vertical-align="middle" loext:vertical-justify="auto"/><style:paragraph-properties fo:text-align="center" css3t:text-justify="auto" fo:margin-left="0mm" style:writing-mode="page"/></style:style><style:style style:name="ce49" style:family="table-cell" style:parent-style-name="Default"><style:table-cell-properties style:glyph-orientation-vertical="0" fo:background-color="#ffff99" style:diagonal-bl-tr="none" style:diagonal-tl-br="none" style:text-align-source="fix" style:repeat-content="false" fo:wrap-option="no-wrap" fo:border="0.74pt solid #000000" style:direction="ltr" fo:padding="0.71mm" style:rotation-angle="0" style:rotation-align="none" style:shrink-to-fit="false" style:vertical-align="middle" loext:vertical-justify="auto"/><style:paragraph-properties fo:text-align="center" css3t:text-justify="auto" fo:margin-left="0mm" style:writing-mode="page"/></style:style><style:style style:name="ce51" style:family="table-cell" style:parent-style-name="Default"><style:table-cell-properties fo:background-color="#ffff99" style:diagonal-bl-tr="none" style:diagonal-tl-br="none" fo:border="none" fo:padding="0.71mm" style:rotation-align="none"/><style:text-properties style:use-window-font-color="true" style:text-outline="false" style:text-line-through-style="none" style:text-line-through-type="none" style:font-name="Arial" fo:font-size="8pt" fo:font-style="normal" fo:text-shadow="none" style:text-underline-style="none" fo:font-weight="normal" style:font-size-asian="8pt" style:font-style-asian="normal" style:font-weight-asian="normal" style:font-name-complex="Arial" style:font-size-complex="8pt" style:font-style-complex="normal" style:font-weight-complex="normal"/></style:style><style:style style:name="ce52" style:family="table-cell" style:parent-style-name="Default"><style:table-cell-properties style:diagonal-bl-tr="none" style:diagonal-tl-br="none" fo:border="none" fo:padding="0.71mm" style:rotation-align="none"/><style:text-properties style:use-window-font-color="true" style:text-outline="false" style:text-line-through-style="none" style:text-line-through-type="none" style:font-name="Arial" fo:font-size="8pt" fo:font-style="normal" fo:text-shadow="none" style:text-underline-style="none" fo:font-weight="normal" style:font-size-asian="8pt" style:font-style-asian="normal" style:font-weight-asian="normal" style:font-name-complex="Arial" style:font-size-complex="8pt" style:font-style-complex="normal" style:font-weight-complex="normal"/></style:style><style:style style:name="ce6" style:family="table-cell" style:parent-style-name="Default"><style:table-cell-properties style:glyph-orientation-vertical="0" style:text-align-source="fix" style:repeat-content="false" fo:wrap-option="no-wrap" style:direction="ltr" fo:padding="0.71mm" style:rotation-angle="0" style:rotation-align="none" style:shrink-to-fit="false" style:vertical-align="automatic" loext:vertical-justify="auto"/><style:paragraph-properties fo:text-align="start" css3t:text-justify="auto" fo:margin-left="0mm" style:writing-mode="page"/><style:text-properties style:use-window-font-color="true" style:text-outline="false" style:text-line-through-style="none" style:text-line-through-type="none" style:font-name="Arial" fo:font-size="10pt" fo:font-style="normal" fo:text-shadow="none" style:text-underline-style="none" fo:font-weight="normal" style:font-size-asian="10pt" style:font-style-asian="normal" style:font-weight-asian="normal" style:font-name-complex="Arial" style:font-size-complex="10pt" style:font-style-complex="normal" style:font-weight-complex="normal"/></style:style><style:style style:name="ce8" style:family="table-cell" style:parent-style-name="Default"><style:table-cell-properties fo:padding="0.71mm"/><style:text-properties style:use-window-font-color="true" style:text-outline="false" style:text-line-through-style="none" style:text-line-through-type="none" style:font-name="Arial" fo:font-size="10pt" fo:font-style="normal" fo:text-shadow="none" style:text-underline-style="none" fo:font-weight="normal" style:font-size-asian="10pt" style:font-style-asian="normal" style:font-weight-asian="normal" style:font-name-complex="Arial" style:font-size-complex="10pt" style:font-style-complex="normal" style:font-weight-complex="normal"/></style:style><style:style style:name="ce9" style:family="table-cell" style:parent-style-name="Default"><style:table-cell-properties fo:background-color="#ffff99" fo:padding="0.71mm"/><style:text-properties style:use-window-font-color="true" style:text-outline="false" style:text-line-through-style="none" style:text-line-through-type="none" style:font-name="Arial" fo:font-size="8pt" fo:font-style="normal" fo:text-shadow="none" style:text-underline-style="none" fo:font-weight="normal" style:font-size-asian="8pt" style:font-style-asian="normal" style:font-weight-asian="normal" style:font-name-complex="Arial" style:font-size-complex="8pt" style:font-style-complex="normal" style:font-weight-complex="normal"/></style:style><style:style style:name="ce60" style:family="table-cell" style:parent-style-name="Default"><style:table-cell-properties fo:padding="0.71mm"/></style:style><style:style style:name="ce61" style:family="table-cell" style:parent-style-name="Default"><style:table-cell-properties fo:padding="0.71mm"/><style:text-properties style:use-window-font-color="true" style:text-outline="false" style:text-line-through-style="none" style:text-line-through-type="none" style:font-name="Arial" fo:font-size="12pt" fo:font-style="normal" fo:text-shadow="none" style:text-underline-style="none" fo:font-weight="bold" style:font-size-asian="12pt" style:font-style-asian="normal" style:font-weight-asian="bold" style:font-name-complex="Arial" style:font-size-complex="12pt" style:font-style-complex="normal" style:font-weight-complex="bold"/></style:style><style:style style:name="ce62" style:family="table-cell" style:parent-style-name="Default"><style:table-cell-properties fo:padding="0.71mm"/><style:text-properties style:use-window-font-color="true" style:text-outline="false" style:text-line-through-style="none" style:text-line-through-type="none" style:font-name="Arial" fo:font-size="12pt" fo:font-style="normal" fo:text-shadow="none" style:text-underline-style="none" fo:font-weight="normal" style:font-size-asian="12pt" style:font-style-asian="normal" style:font-weight-asian="normal" style:font-name-complex="Arial" style:font-size-complex="12pt" style:font-style-complex="normal" style:font-weight-complex="normal"/></style:style><style:style style:name="ce63" style:family="table-cell" style:parent-style-name="Default"><style:table-cell-properties fo:background-color="#ffffff" fo:padding="0.71mm"/><style:text-properties style:use-window-font-color="true" style:text-outline="false" style:text-line-through-style="none" style:text-line-through-type="none" style:font-name="Arial" fo:font-size="12pt" fo:font-style="normal" fo:text-shadow="none" style:text-underline-style="none" fo:font-weight="normal" style:font-size-asian="12pt" style:font-style-asian="normal" style:font-weight-asian="normal" style:font-name-complex="Arial" style:font-size-complex="12pt" style:font-style-complex="normal" style:font-weight-complex="normal"/></style:style><style:style style:name="ce64" style:family="table-cell" style:parent-style-name="Default"><style:table-cell-properties style:glyph-orientation-vertical="0" style:diagonal-bl-tr="none" style:diagonal-tl-br="none" style:text-align-source="fix" style:repeat-content="false" fo:wrap-option="no-wrap" fo:border="none" style:direction="ltr" fo:padding="0.71mm" style:rotation-angle="0" style:rotation-align="none" style:shrink-to-fit="false" style:vertical-align="middle" loext:vertical-justify="auto"/><style:paragraph-properties fo:text-align="start" css3t:text-justify="auto" fo:margin-left="0mm" style:writing-mode="page"/><style:text-properties style:use-window-font-color="true" style:text-outline="false" style:text-line-through-style="none" style:text-line-through-type="none" style:font-name="Arial" fo:font-size="10pt" fo:font-style="normal" fo:text-shadow="none" style:text-underline-style="none" fo:font-weight="normal" style:font-size-asian="10pt" style:font-style-asian="normal" style:font-weight-asian="normal" style:font-name-complex="Arial" style:font-size-complex="10pt" style:font-style-complex="normal" style:font-weight-complex="normal"/></style:style><style:style style:name="ce65" style:family="table-cell" style:parent-style-name="Default"><style:table-cell-properties style:glyph-orientation-vertical="0" style:text-align-source="fix" style:repeat-content="false" fo:wrap-option="no-wrap" style:direction="ltr" fo:padding="0.71mm" style:rotation-angle="0" style:rotation-align="none" style:shrink-to-fit="false" style:vertical-align="automatic" loext:vertical-justify="auto"/><style:paragraph-properties fo:text-align="start" css3t:text-justify="auto" fo:margin-left="0mm" style:writing-mode="page"/><style:text-properties style:use-window-font-color="true" style:text-outline="false" style:text-line-through-style="none" style:text-line-through-type="none" style:font-name="Arial" fo:font-size="10pt" fo:font-style="normal" fo:text-shadow="none" style:text-underline-style="none" fo:font-weight="normal" style:font-size-asian="10pt" style:font-style-asian="normal" style:font-weight-asian="normal" style:font-name-complex="Arial" style:font-size-complex="10pt" style:font-style-complex="normal" style:font-weight-complex="normal"/></style:style><style:style style:name="ce66" style:family="table-cell" style:parent-style-name="Default"><style:table-cell-properties style:glyph-orientation-vertical="0" style:diagonal-bl-tr="none" style:diagonal-tl-br="none" style:text-align-source="fix" style:repeat-content="false" fo:wrap-option="no-wrap" fo:border="none" style:direction="ltr" fo:padding="0.71mm" style:rotation-angle="0" style:rotation-align="none" style:shrink-to-fit="false" style:vertical-align="automatic" loext:vertical-justify="auto"/><style:paragraph-properties fo:text-align="start" css3t:text-justify="auto" fo:margin-left="0mm" style:writing-mode="page"/><style:text-properties style:use-window-font-color="true" style:text-outline="false" style:text-line-through-style="none" style:text-line-through-type="none" style:font-name="Arial" fo:font-size="10pt" fo:font-style="normal" fo:text-shadow="none" style:text-underline-style="none" fo:font-weight="normal" style:font-size-asian="10pt" style:font-style-asian="normal" style:font-weight-asian="normal" style:font-name-complex="Arial" style:font-size-complex="10pt" style:font-style-complex="normal" style:font-weight-complex="normal"/></style:style><style:style style:name="ce67" style:family="table-cell" style:parent-style-name="Default"><style:table-cell-properties fo:padding="0.71mm"/><style:text-properties style:use-window-font-color="true" style:text-outline="false" style:text-line-through-style="none" style:text-line-through-type="none" style:font-name="Arial" fo:font-size="10pt" fo:font-style="normal" fo:text-shadow="none" style:text-underline-style="none" fo:font-weight="normal" style:font-size-asian="10pt" style:font-style-asian="normal" style:font-weight-asian="normal" style:font-name-complex="Arial" style:font-size-complex="10pt" style:font-style-complex="normal" style:font-weight-complex="normal"/></style:style><style:style style:name="ce68" style:family="table-cell" style:parent-style-name="Default"><style:table-cell-properties fo:background-color="#ffff99" fo:padding="0.71mm"/><style:text-properties style:use-window-font-color="true" style:text-outline="false" style:text-line-through-style="none" style:text-line-through-type="none" style:font-name="Arial" fo:font-size="8pt" fo:font-style="normal" fo:text-shadow="none" style:text-underline-style="none" fo:font-weight="normal" style:font-size-asian="8pt" style:font-style-asian="normal" style:font-weight-asian="normal" style:font-name-complex="Arial" style:font-size-complex="8pt" style:font-style-complex="normal" style:font-weight-complex="normal"/></style:style><style:style style:name="ce69" style:family="table-cell" style:parent-style-name="Default"><style:table-cell-properties fo:padding="0.71mm"/><style:text-properties style:use-window-font-color="true" style:text-outline="false" style:text-line-through-style="none" style:text-line-through-type="none" style:font-name="Arial" fo:font-size="8pt" fo:font-style="normal" fo:text-shadow="none" style:text-underline-style="none" fo:font-weight="normal" style:font-size-asian="8pt" style:font-style-asian="normal" style:font-weight-asian="normal" style:font-name-complex="Arial" style:font-size-complex="8pt" style:font-style-complex="normal" style:font-weight-complex="normal"/></style:style><style:style style:name="ce70" style:family="table-cell" style:parent-style-name="Default"><style:table-cell-properties style:diagonal-bl-tr="none" style:diagonal-tl-br="none" fo:border="none" fo:padding="0.71mm" style:rotation-align="none"/></style:style><style:style style:name="ce71" style:family="table-cell" style:parent-style-name="Default"><style:table-cell-properties fo:padding="0.71mm"/><style:text-properties style:use-window-font-color="true" style:text-outline="false" style:text-line-through-style="none" style:text-line-through-type="none" style:font-name="Arial" fo:font-size="8pt" fo:font-style="normal" fo:text-shadow="none" style:text-underline-style="none" fo:font-weight="bold" style:font-size-asian="8pt" style:font-style-asian="normal" style:font-weight-asian="bold" style:font-name-complex="Arial" style:font-size-complex="8pt" style:font-style-complex="normal" style:font-weight-complex="bold"/></style:style><style:style style:name="ce72" style:family="table-cell" style:parent-style-name="Default"><style:table-cell-properties style:glyph-orientation-vertical="0" fo:background-color="#808080" style:diagonal-bl-tr="none" style:diagonal-tl-br="none" style:text-align-source="fix" style:repeat-content="false" fo:wrap-option="no-wrap" fo:border="2.49pt solid #000000" style:direction="ltr" fo:padding="0.71mm" style:rotation-angle="0" style:rotation-align="none" style:shrink-to-fit="false" style:vertical-align="automatic" loext:vertical-justify="auto"/><style:paragraph-properties fo:text-align="start" css3t:text-justify="auto" fo:margin-left="0mm" style:writing-mode="page"/><style:text-properties style:use-window-font-color="true" style:text-outline="false" style:text-line-through-style="none" style:text-line-through-type="none" style:font-name="Arial" fo:font-size="10pt" fo:font-style="normal" fo:text-shadow="none" style:text-underline-style="none" fo:font-weight="normal" style:font-size-asian="10pt" style:font-style-asian="normal" style:font-weight-asian="normal" style:font-name-complex="Arial" style:font-size-complex="10pt" style:font-style-complex="normal" style:font-weight-complex="normal"/></style:style><style:style style:name="ce73" style:family="table-cell" style:parent-style-name="Default"><style:table-cell-properties fo:background-color="#ffffff" style:diagonal-bl-tr="none" style:diagonal-tl-br="none" fo:border="none" fo:padding="0.71mm" style:rotation-align="none"/></style:style><style:style style:name="ce74" style:family="table-cell" style:parent-style-name="Default"><style:table-cell-properties fo:background-color="#808080" style:diagonal-bl-tr="none" style:diagonal-tl-br="none" fo:border="2.49pt solid #000000" fo:padding="0.71mm" style:rotation-align="none"/></style:style><style:style style:name="ce75" style:family="table-cell" style:parent-style-name="Default"><style:table-cell-properties fo:border-bottom="none" style:diagonal-bl-tr="none" style:diagonal-tl-br="none" fo:border-left="none" fo:padding="0.71mm" fo:border-right="none" style:rotation-align="none" fo:border-top="2.49pt solid #000000"/></style:style><style:style style:name="ce76" style:family="table-cell" style:parent-style-name="Default"><style:table-cell-properties fo:background-color="#ffff00" style:diagonal-bl-tr="none" style:diagonal-tl-br="none" fo:border="none" fo:padding="0.71mm" style:rotation-align="none"/></style:style><style:style style:name="ce77" style:family="table-cell" style:parent-style-name="Default"><style:table-cell-properties style:glyph-orientation-vertical="0" fo:background-color="#cccccc" style:diagonal-bl-tr="none" style:diagonal-tl-br="none" style:text-align-source="fix" style:repeat-content="false" fo:wrap-option="no-wrap" fo:border="0.74pt solid #000000" style:direction="ltr" fo:padding="0.71mm" style:rotation-angle="0" style:rotation-align="none" style:shrink-to-fit="false" style:vertical-align="middle" loext:vertical-justify="auto"/><style:paragraph-properties fo:text-align="center" css3t:text-justify="auto" fo:margin-left="0mm" style:writing-mode="page"/><style:text-properties style:use-window-font-color="true" style:text-outline="false" style:text-line-through-style="none" style:text-line-through-type="none" style:font-name="Arial" fo:font-size="12pt" fo:font-style="normal" fo:text-shadow="none" style:text-underline-style="none" fo:font-weight="normal" style:font-size-asian="12pt" style:font-style-asian="normal" style:font-weight-asian="normal" style:font-name-complex="Arial" style:font-size-complex="12pt" style:font-style-complex="normal" style:font-weight-complex="normal"/></style:style><style:style style:name="ce78" style:family="table-cell" style:parent-style-name="Default"><style:table-cell-properties style:glyph-orientation-vertical="0" style:diagonal-bl-tr="none" style:diagonal-tl-br="none" style:text-align-source="fix" style:repeat-content="false" fo:wrap-option="no-wrap" fo:border="0.74pt solid #000000" style:direction="ltr" fo:padding="0.71mm" style:rotation-angle="0" style:rotation-align="none" style:shrink-to-fit="false" style:vertical-align="middle" loext:vertical-justify="auto"/><style:paragraph-properties fo:text-align="center" css3t:text-justify="auto" fo:margin-left="0mm" style:writing-mode="page"/></style:style><style:style style:name="ce79" style:family="table-cell" style:parent-style-name="Default"><style:table-cell-properties style:glyph-orientation-vertical="0" style:diagonal-bl-tr="none" style:diagonal-tl-br="none" style:text-align-source="fix" style:repeat-content="false" fo:wrap-option="no-wrap" fo:border="none" style:direction="ltr" fo:padding="0.71mm" style:rotation-angle="0" style:rotation-align="none" style:shrink-to-fit="false" style:vertical-align="middle" loext:vertical-justify="auto"/><style:paragraph-properties fo:text-align="center" css3t:text-justify="auto" fo:margin-left="0mm" style:writing-mode="page"/><style:text-properties fo:color="#ffffff" style:text-outline="false" style:text-line-through-style="none" style:text-line-through-type="none" style:font-name="Arial" fo:font-size="10pt" fo:font-style="normal" fo:text-shadow="none" style:text-underline-style="none" fo:font-weight="normal" style:font-size-asian="10pt" style:font-style-asian="normal" style:font-weight-asian="normal" style:font-name-complex="Arial" style:font-size-complex="10pt" style:font-style-complex="normal" style:font-weight-complex="normal"/></style:style><style:style style:name="ce80" style:family="table-cell" style:parent-style-name="Default"><style:table-cell-properties style:glyph-orientation-vertical="0" style:diagonal-bl-tr="none" style:diagonal-tl-br="none" style:text-align-source="fix" style:repeat-content="false" fo:wrap-option="no-wrap" fo:border="none" style:direction="ltr" fo:padding="0.71mm" style:rotation-angle="0" style:rotation-align="none" style:shrink-to-fit="false" style:vertical-align="middle" loext:vertical-justify="auto"/><style:paragraph-properties fo:text-align="center" css3t:text-justify="auto" fo:margin-left="0mm" style:writing-mode="page"/></style:style><style:style style:name="ce81" style:family="table-cell" style:parent-style-name="Default"><style:table-cell-properties fo:background-color="#ffff99" fo:padding="0.71mm"/></style:style><style:style style:name="ce82" style:family="table-cell" style:parent-style-name="Default"><style:table-cell-properties style:glyph-orientation-vertical="0" fo:background-color="#ffff99" style:diagonal-bl-tr="none" style:diagonal-tl-br="none" style:text-align-source="fix" style:repeat-content="false" fo:wrap-option="no-wrap" fo:border="0.74pt solid #000000" style:direction="ltr" fo:padding="0.71mm" style:rotation-angle="0" style:rotation-align="none" style:shrink-to-fit="false" style:vertical-align="middle" loext:vertical-justify="auto"/><style:paragraph-properties fo:text-align="center" css3t:text-justify="auto" fo:margin-left="0mm" style:writing-mode="page"/></style:style><style:style style:name="ce83" style:family="table-cell" style:parent-style-name="Default"><style:table-cell-properties style:glyph-orientation-vertical="0" style:diagonal-bl-tr="none" style:diagonal-tl-br="none" style:text-align-source="fix" style:repeat-content="false" fo:wrap-option="no-wrap" fo:border="none" style:direction="ltr" fo:padding="0.71mm" style:rotation-angle="0" style:rotation-align="none" style:shrink-to-fit="false" style:vertical-align="automatic" loext:vertical-justify="auto"/><style:paragraph-properties fo:text-align="center" css3t:text-justify="auto" fo:margin-left="0mm" style:writing-mode="page"/><style:text-properties style:use-window-font-color="true" style:text-outline="false" style:text-line-through-style="none" style:text-line-through-type="none" style:font-name="Arial" fo:font-size="10pt" fo:font-style="normal" fo:text-shadow="none" style:text-underline-style="none" fo:font-weight="normal" style:font-size-asian="10pt" style:font-style-asian="normal" style:font-weight-asian="normal" style:font-name-complex="Arial" style:font-size-complex="10pt" style:font-style-complex="normal" style:font-weight-complex="normal"/></style:style><style:style style:name="ce84" style:family="table-cell" style:parent-style-name="Default"><style:table-cell-properties fo:background-color="#ffff99" style:diagonal-bl-tr="none" style:diagonal-tl-br="none" fo:border="none" fo:padding="0.71mm" style:rotation-align="none"/><style:text-properties style:use-window-font-color="true" style:text-outline="false" style:text-line-through-style="none" style:text-line-through-type="none" style:font-name="Arial" fo:font-size="8pt" fo:font-style="normal" fo:text-shadow="none" style:text-underline-style="none" fo:font-weight="normal" style:font-size-asian="8pt" style:font-style-asian="normal" style:font-weight-asian="normal" style:font-name-complex="Arial" style:font-size-complex="8pt" style:font-style-complex="normal" style:font-weight-complex="normal"/></style:style><style:style style:name="ce85" style:family="table-cell" style:parent-style-name="Default"><style:table-cell-properties style:diagonal-bl-tr="none" style:diagonal-tl-br="none" fo:border="none" fo:padding="0.71mm" style:rotation-align="none"/><style:text-properties style:use-window-font-color="true" style:text-outline="false" style:text-line-through-style="none" style:text-line-through-type="none" style:font-name="Arial" fo:font-size="8pt" fo:font-style="normal" fo:text-shadow="none" style:text-underline-style="none" fo:font-weight="normal" style:font-size-asian="8pt" style:font-style-asian="normal" style:font-weight-asian="normal" style:font-name-complex="Arial" style:font-size-complex="8pt" style:font-style-complex="normal" style:font-weight-complex="normal"/></style:style><style:style style:name="ce86" style:family="table-cell" style:parent-style-name="Default"><style:table-cell-properties style:diagonal-bl-tr="none" style:diagonal-tl-br="none" fo:background-color="transparent" fo:border="none" fo:padding="0.71mm" style:rotation-align="none"/></style:style><style:style style:name="ce87" style:family="table-cell" style:parent-style-name="Default"><style:table-cell-properties fo:padding="0.71mm"/><style:text-properties style:use-window-font-color="true" style:text-outline="false" style:text-line-through-style="none" style:text-line-through-type="none" style:font-name="Arial" fo:font-size="10pt" fo:font-style="normal" fo:text-shadow="none" style:text-underline-style="none" fo:font-weight="bold" style:font-size-asian="10pt" style:font-style-asian="normal" style:font-weight-asian="bold" style:font-name-complex="Arial" style:font-size-complex="10pt" style:font-style-complex="normal" style:font-weight-complex="bold"/></style:style><style:style style:name="ce88" style:family="table-cell" style:parent-style-name="Default"><style:table-cell-properties style:glyph-orientation-vertical="0" style:text-align-source="fix" style:repeat-content="false" fo:wrap-option="no-wrap" style:direction="ltr" fo:padding="0.71mm" style:rotation-angle="0" style:rotation-align="none" style:shrink-to-fit="false" style:vertical-align="automatic" loext:vertical-justify="auto"/><style:paragraph-properties fo:text-align="end" css3t:text-justify="auto" fo:margin-left="0mm" style:writing-mode="page"/><style:text-properties style:use-window-font-color="true" style:text-outline="false" style:text-line-through-style="none" style:text-line-through-type="none" style:font-name="Arial" fo:font-size="10pt" fo:font-style="normal" fo:text-shadow="none" style:text-underline-style="none" fo:font-weight="normal" style:font-size-asian="10pt" style:font-style-asian="normal" style:font-weight-asian="normal" style:font-name-complex="Arial" style:font-size-complex="10pt" style:font-style-complex="normal" style:font-weight-complex="normal"/></style:style><style:style style:name="ce89" style:family="table-cell" style:parent-style-name="Default"><style:table-cell-properties style:glyph-orientation-vertical="0" style:text-align-source="fix" style:repeat-content="false" fo:wrap-option="no-wrap" style:direction="ltr" fo:padding="0.71mm" style:rotation-angle="0" style:rotation-align="none" style:shrink-to-fit="false" style:vertical-align="automatic" loext:vertical-justify="auto"/><style:paragraph-properties fo:text-align="end" css3t:text-justify="auto" fo:margin-left="0mm" style:writing-mode="page"/></style:style><style:style style:name="ce90" style:family="table-cell" style:parent-style-name="Default"><style:table-cell-properties fo:background-color="#ffff99" fo:padding="0.71mm"/><style:text-properties style:use-window-font-color="true" style:text-outline="false" style:text-line-through-style="none" style:text-line-through-type="none" style:font-name="Arial" fo:font-size="12pt" fo:font-style="normal" fo:text-shadow="none" style:text-underline-style="none" fo:font-weight="normal" style:font-size-asian="12pt" style:font-style-asian="normal" style:font-weight-asian="normal" style:font-name-complex="Arial" style:font-size-complex="12pt" style:font-style-complex="normal" style:font-weight-complex="normal"/></style:style><style:style style:name="ce91" style:family="table-cell" style:parent-style-name="Default"><style:table-cell-properties style:glyph-orientation-vertical="0" style:text-align-source="fix" style:repeat-content="false" fo:wrap-option="no-wrap" style:direction="ltr" fo:padding="0.71mm" style:rotation-angle="0" style:rotation-align="none" style:shrink-to-fit="false" style:vertical-align="automatic" loext:vertical-justify="auto"/><style:paragraph-properties fo:text-align="start" css3t:text-justify="auto" fo:margin-left="0mm" style:writing-mode="page"/></style:style><style:style style:name="ce92" style:family="table-cell" style:parent-style-name="Default"><style:table-cell-properties style:glyph-orientation-vertical="0" fo:background-color="#ffff00" style:text-align-source="fix" style:repeat-content="false" fo:wrap-option="no-wrap" style:direction="ltr" fo:padding="0.71mm" style:rotation-angle="0" style:rotation-align="none" style:shrink-to-fit="false" style:vertical-align="automatic" loext:vertical-justify="auto"/><style:paragraph-properties fo:text-align="start" css3t:text-justify="auto" fo:margin-left="0mm" style:writing-mode="page"/></style:style></office:automatic-styles><office:body><office:spreadsheet><table:calculation-settings table:case-sensitive="false" table:use-regular-expressions="false" table:use-wildcards="true"/><table:table table:name="schema" table:style-name="ta1" table:print-ranges="schema.A1:schema.L40"><office:forms form:automatic-focus="false" form:apply-design-mode="false"/><table:table-column table:style-name="co1" table:default-cell-style-name="ce60"/><table:table-column table:style-name="co2" table:default-cell-style-name="ce60"/><table:table-column table:style-name="co3" table:default-cell-style-name="ce60"/><table:table-column table:style-name="co4" table:number-columns-repeated="4" table:default-cell-style-name="ce60"/><table:table-column table:style-name="co5" table:default-cell-style-name="ce60"/><table:table-column table:style-name="co1" table:number-columns-repeated="249" table:default-cell-style-name="ce60"/><table:table-column table:style-name="co1" table:number-columns-repeated="767" table:default-cell-style-name="Default"/><table:table-row table:style-name="ro1"><table:table-cell table:number-columns-repeated="4"/><table:table-cell table:style-name="ce61"/><table:table-cell table:style-name="ce62"/><table:table-cell table:style-name="ce61"/><table:table-cell table:style-name="ce62" table:number-columns-repeated="4"/><table:table-cell table:number-columns-repeated="1013"/></table:table-row><table:table-row table:style-name="ro1"><table:table-cell table:number-columns-repeated="4"/><table:table-cell table:style-name="ce62" table:number-columns-repeated="3"/><table:table-cell table:number-columns-repeated="2"/><table:table-cell table:style-name="ce62" office:value-type="string" calcext:value-type="string"><text:p><text:s/>г. Абакан</text:p></table:table-cell><table:table-cell table:style-name="ce62"/><table:table-cell table:number-columns-repeated="1013"/></table:table-row><table:table-row table:style-name="ro1"><table:table-cell table:number-columns-repeated="4"/><table:table-cell table:style-name="ce62" table:number-columns-repeated="3"/><table:table-cell table:number-columns-repeated="2"/><table:table-cell table:style-name="ce62" office:value-type="string" calcext:value-type="string"><text:p>АО «АЯН»</text:p></table:table-cell><table:table-cell table:style-name="ce62"/><table:table-cell table:number-columns-repeated="1013"/></table:table-row><table:table-row table:style-name="ro1"><table:table-cell table:number-columns-repeated="4"/><table:table-cell table:style-name="ce62" table:number-columns-repeated="5"/><table:table-cell table:style-name="ce90" office:value-type="string" calcext:value-type="string"><text:p>[&amp;n1&amp;]</text:p></table:table-cell><table:table-cell table:style-name="ce62" office:value-type="string" calcext:value-type="string"><text:p>года</text:p></table:table-cell><table:table-cell table:number-columns-repeated="1013"/></table:table-row><table:table-row table:style-name="ro1"><table:table-cell table:number-columns-repeated="4"/><table:table-cell table:style-name="ce62" table:number-columns-repeated="5"/><table:table-cell table:number-columns-repeated="1015"/></table:table-row><table:table-row table:style-name="ro1"><table:table-cell/><table:table-cell table:style-name="ce61" office:value-type="string" calcext:value-type="string"><text:p>Схема погрузки автомобиля готовой продукцией АО «АЯН»</text:p></table:table-cell><table:table-cell table:number-columns-repeated="1022"/></table:table-row><table:table-row table:style-name="ro1"><table:table-cell table:style-name="ce61"/><table:table-cell/><table:table-cell table:style-name="ce61" table:number-columns-repeated="6"/><table:table-cell table:style-name="ce87" table:number-columns-repeated="3"/><table:table-cell table:number-columns-repeated="1013"/></table:table-row><table:table-row table:style-name="ro1"><table:table-cell table:style-name="ce62"/><table:table-cell table:style-name="ce68" office:value-type="string" calcext:value-type="string"><text:p>[&amp;n2&amp;]</text:p></table:table-cell><table:table-cell table:style-name="ce71"/><table:table-cell table:style-name="ce69" table:number-columns-repeated="2"/><table:table-cell table:style-name="ce84" office:value-type="string" calcext:value-type="string" table:number-columns-spanned="3" table:number-rows-spanned="1"><text:p>[&amp;n3&amp;]</text:p></table:table-cell><table:covered-table-cell table:number-columns-repeated="2" table:style-name="ce84"/><table:table-cell table:style-name="ce69"/><table:table-cell table:style-name="ce68" office:value-type="string" calcext:value-type="string"><text:p>[&amp;n4&amp;]</text:p></table:table-cell><table:table-cell table:style-name="ce87"/><table:table-cell table:number-columns-repeated="1013"/></table:table-row><table:table-row table:style-name="ro1"><table:table-cell table:style-name="ce62"/><table:table-cell table:style-name="ce69" office:value-type="string" calcext:value-type="string"><text:p>ТС: <text:s text:c="66"/></text:p></table:table-cell><table:table-cell table:style-name="ce71"/><table:table-cell table:style-name="ce69" table:number-columns-repeated="2"/><table:table-cell table:style-name="ce85" office:value-type="string" calcext:value-type="string" table:number-columns-spanned="3" table:number-rows-spanned="1"><text:p>гос.номер</text:p></table:table-cell><table:covered-table-cell table:number-columns-repeated="2" table:style-name="ce85"/><table:table-cell table:style-name="ce69"/><table:table-cell table:style-name="ce69" office:value-type="string" calcext:value-type="string"><text:p>Вес (кг)</text:p></table:table-cell><table:table-cell table:style-name="ce63"/><table:table-cell table:number-columns-repeated="1013"/></table:table-row><table:table-row table:style-name="ro1"><table:table-cell table:style-name="ce63"/><table:table-cell table:style-name="ce62" table:number-columns-repeated="3"/><table:table-cell/><table:table-cell table:style-name="ce62" table:number-columns-repeated="5"/><table:table-cell table:number-columns-repeated="1014"/></table:table-row><table:table-row table:style-name="ro1"><table:table-cell table:style-name="ce62"/><table:table-cell table:style-name="ce68" office:value-type="string" calcext:value-type="string"><text:p>[&amp;n5&amp;]</text:p></table:table-cell><table:table-cell table:style-name="ce69" table:number-columns-repeated="3"/><table:table-cell table:style-name="ce84" office:value-type="string" calcext:value-type="string" table:number-columns-spanned="3" table:number-rows-spanned="1"><text:p>[&amp;n6&amp;]</text:p></table:table-cell><table:covered-table-cell table:number-columns-repeated="2" table:style-name="ce84"/><table:table-cell table:style-name="ce69"/><table:table-cell table:style-name="ce68" office:value-type="string" calcext:value-type="string"><text:p>[&amp;n7&amp;]</text:p></table:table-cell><table:table-cell table:number-columns-repeated="1014"/></table:table-row><table:table-row table:style-name="ro1"><table:table-cell table:style-name="ce63"/><table:table-cell table:style-name="ce69" office:value-type="string" calcext:value-type="string"><text:p>ПОЛУПРИЦЕП ФУРГОН: <text:s text:c="31"/></text:p></table:table-cell><table:table-cell table:style-name="ce69" table:number-columns-repeated="3"/><table:table-cell table:style-name="ce85" office:value-type="string" calcext:value-type="string" table:number-columns-spanned="3" table:number-rows-spanned="1"><text:p>гос.номер </text:p></table:table-cell><table:covered-table-cell table:number-columns-repeated="2" table:style-name="ce85"/><table:table-cell table:style-name="ce69"/><table:table-cell table:style-name="ce69" office:value-type="string" calcext:value-type="string"><text:p>Вес (кг)</text:p></table:table-cell><table:table-cell table:style-name="ce63"/><table:table-cell table:number-columns-repeated="1013"/></table:table-row><table:table-row table:style-name="ro1"><table:table-cell table:style-name="ce62" table:number-columns-repeated="6"/><table:table-cell table:number-columns-repeated="1018"/></table:table-row><table:table-row table:style-name="ro2"><table:table-cell table:style-name="ce64" office:value-type="string" calcext:value-type="string" table:number-columns-spanned="3" table:number-rows-spanned="1"><text:p>Допустимая нагрузка на ось</text:p></table:table-cell><table:covered-table-cell table:number-columns-repeated="2" table:style-name="ce64"/><table:table-cell table:style-name="ce77" table:number-columns-spanned="4" table:number-rows-spanned="2"/><table:covered-table-cell table:number-columns-repeated="3" table:style-name="ce77"/><table:table-cell office:value-type="string" calcext:value-type="string"><text:p><text:s text:c="16"/>Фактическая нагрузка на ось</text:p></table:table-cell><table:table-cell table:number-columns-repeated="1016"/></table:table-row><table:table-row table:style-name="ro2"><table:table-cell/><table:table-cell table:style-name="ce65" office:value-type="string" calcext:value-type="string"><text:p>Ось-1 (9000 кг)</text:p></table:table-cell><table:table-cell table:style-name="ce72"/><table:covered-table-cell table:number-columns-repeated="4" table:style-name="ce77"/><table:table-cell table:style-name="ce72"/><table:table-cell table:style-name="ce88" office:value-type="string" calcext:value-type="string"><text:p>Ось-1 (кг)</text:p></table:table-cell><table:table-cell table:style-name="ce91" office:value-type="float" office:value="6400" calcext:value-type="float"><text:p>6400</text:p></table:table-cell><table:table-cell table:number-columns-repeated="1014"/></table:table-row><table:table-row table:style-name="ro2"><table:table-cell table:number-columns-repeated="3"/><table:table-cell table:style-name="ce78"/><table:table-cell table:style-name="ce78" office:value-type="float" office:value="1052" calcext:value-type="float" table:number-columns-spanned="2" table:number-rows-spanned="1"><text:p>1052</text:p></table:table-cell><table:covered-table-cell table:style-name="ce78"/><table:table-cell table:style-name="ce78"/><table:table-cell/><table:table-cell table:style-name="ce89"/><table:table-cell table:style-name="ce91"/><table:table-cell table:number-columns-repeated="1014"/></table:table-row><table:table-row table:style-name="ro3"><table:table-cell/><table:table-cell office:value-type="string" calcext:value-type="string"><text:p>Ось-2 (10000 кг)</text:p></table:table-cell><table:table-cell table:style-name="ce73"/><table:table-cell table:style-name="ce79" office:value-type="float" office:value="1052" calcext:value-type="float" table:number-columns-spanned="2" table:number-rows-spanned="1"><text:p>1052</text:p></table:table-cell><table:covered-table-cell table:style-name="ce79"/><table:table-cell table:style-name="ce79" office:value-type="float" office:value="1052" calcext:value-type="float" table:number-columns-spanned="2" table:number-rows-spanned="1"><text:p>1052</text:p></table:table-cell><table:covered-table-cell table:style-name="ce79"/><table:table-cell table:style-name="ce86"/><table:table-cell table:style-name="ce88" office:value-type="string" calcext:value-type="string"><text:p>Ось-2 (кг)</text:p></table:table-cell><table:table-cell table:style-name="ce92"/><table:table-cell table:number-columns-repeated="1014"/></table:table-row><table:table-row table:style-name="ro4"><table:table-cell/><table:table-cell office:value-type="string" calcext:value-type="string"><text:p>Ось-2 (10000 кг)</text:p></table:table-cell><table:table-cell table:style-name="ce74"/><table:table-cell table:style-name="ce78"/><table:table-cell table:style-name="ce82" office:value-type="string" calcext:value-type="string" table:number-columns-spanned="2" table:number-rows-spanned="1"><text:p>[&amp;n9&amp;]</text:p></table:table-cell><table:covered-table-cell table:style-name="ce82"/><table:table-cell table:style-name="ce78"/><table:table-cell table:style-name="ce74"/><table:table-cell table:style-name="ce89" office:value-type="string" calcext:value-type="string"><text:p>Ось-2 (кг)</text:p></table:table-cell><table:table-cell table:style-name="ce91" office:value-type="string" calcext:value-type="string"><text:p>[&amp;n8&amp;]</text:p></table:table-cell><table:table-cell table:number-columns-repeated="1014"/></table:table-row><table:table-row table:style-name="ro4"><table:table-cell table:number-columns-repeated="3"/><table:table-cell table:style-name="ce78" office:value-type="float" office:value="1053" calcext:value-type="float" table:number-columns-spanned="2" table:number-rows-spanned="1"><text:p>1053</text:p></table:table-cell><table:covered-table-cell table:style-name="ce78"/><table:table-cell table:style-name="ce78" office:value-type="float" office:value="1053" calcext:value-type="float" table:number-columns-spanned="2" table:number-rows-spanned="1"><text:p>1053</text:p></table:table-cell><table:covered-table-cell table:style-name="ce78"/><table:table-cell/><table:table-cell table:style-name="ce89"/><table:table-cell table:style-name="ce91"/><table:table-cell table:number-columns-repeated="1014"/></table:table-row><table:table-row table:style-name="ro4"><table:table-cell table:number-columns-repeated="3"/><table:table-cell table:style-name="ce78"/><table:table-cell table:style-name="ce78" office:value-type="float" office:value="1053" calcext:value-type="float" table:number-columns-spanned="2" table:number-rows-spanned="1"><text:p>1053</text:p></table:table-cell><table:covered-table-cell table:style-name="ce78"/><table:table-cell table:style-name="ce78"/><table:table-cell/><table:table-cell table:style-name="ce89"/><table:table-cell table:style-name="ce91"/><table:table-cell table:number-columns-repeated="1014"/></table:table-row><table:table-row table:style-name="ro4"><table:table-cell table:number-columns-repeated="3"/><table:table-cell table:style-name="ce78" office:value-type="float" office:value="1053" calcext:value-type="float" table:number-columns-spanned="2" table:number-rows-spanned="1"><text:p>1053</text:p></table:table-cell><table:covered-table-cell table:style-name="ce78"/><table:table-cell table:style-name="ce78" office:value-type="float" office:value="1053" calcext:value-type="float" table:number-columns-spanned="2" table:number-rows-spanned="1"><text:p>1053</text:p></table:table-cell><table:covered-table-cell table:style-name="ce78"/><table:table-cell/><table:table-cell table:style-name="ce89"/><table:table-cell table:style-name="ce91"/><table:table-cell table:number-columns-repeated="1014"/></table:table-row><table:table-row table:style-name="ro4"><table:table-cell table:number-columns-repeated="3"/><table:table-cell table:style-name="ce78"/><table:table-cell table:style-name="ce78" office:value-type="float" office:value="1053" calcext:value-type="float" table:number-columns-spanned="2" table:number-rows-spanned="1"><text:p>1053</text:p></table:table-cell><table:covered-table-cell table:style-name="ce78"/><table:table-cell table:style-name="ce78"/><table:table-cell/><table:table-cell table:style-name="ce89"/><table:table-cell table:style-name="ce91"/><table:table-cell table:number-columns-repeated="1014"/></table:table-row><table:table-row table:style-name="ro4"><table:table-cell table:number-columns-repeated="3"/><table:table-cell table:style-name="ce78" office:value-type="float" office:value="1053" calcext:value-type="float" table:number-columns-spanned="2" table:number-rows-spanned="1"><text:p>1053</text:p></table:table-cell><table:covered-table-cell table:style-name="ce78"/><table:table-cell table:style-name="ce78" office:value-type="float" office:value="1053" calcext:value-type="float" table:number-columns-spanned="2" table:number-rows-spanned="1"><text:p>1053</text:p></table:table-cell><table:covered-table-cell table:style-name="ce78"/><table:table-cell/><table:table-cell table:style-name="ce89"/><table:table-cell table:style-name="ce91"/><table:table-cell table:number-columns-repeated="1014"/></table:table-row><table:table-row table:style-name="ro4"><table:table-cell table:number-columns-repeated="3"/><table:table-cell table:style-name="ce78"/><table:table-cell table:style-name="ce78" office:value-type="float" office:value="1053" calcext:value-type="float" table:number-columns-spanned="2" table:number-rows-spanned="1"><text:p>1053</text:p></table:table-cell><table:covered-table-cell table:style-name="ce78"/><table:table-cell table:style-name="ce78"/><table:table-cell/><table:table-cell table:style-name="ce89"/><table:table-cell table:style-name="ce91"/><table:table-cell table:number-columns-repeated="1014"/></table:table-row><table:table-row table:style-name="ro4"><table:table-cell/><table:table-cell office:value-type="string" calcext:value-type="string"><text:p>Ось-3 (7000 кг)</text:p></table:table-cell><table:table-cell table:style-name="ce74"/><table:table-cell table:style-name="ce78" office:value-type="float" office:value="1053" calcext:value-type="float" table:number-columns-spanned="2" table:number-rows-spanned="1"><text:p>1053</text:p></table:table-cell><table:covered-table-cell table:style-name="ce78"/><table:table-cell table:style-name="ce78" office:value-type="float" office:value="1053" calcext:value-type="float" table:number-columns-spanned="2" table:number-rows-spanned="1"><text:p>1053</text:p></table:table-cell><table:covered-table-cell table:style-name="ce78"/><table:table-cell table:style-name="ce74"/><table:table-cell table:style-name="ce88" office:value-type="string" calcext:value-type="string"><text:p>Ось-3 (кг)</text:p></table:table-cell><table:table-cell table:style-name="ce91" office:value-type="float" office:value="6900" calcext:value-type="float"><text:p>6900</text:p></table:table-cell><table:table-cell table:number-columns-repeated="1014"/></table:table-row><table:table-row table:style-name="ro4"><table:table-cell/><table:table-cell office:value-type="string" calcext:value-type="string"><text:p>Ось-4 (7000 кг)</text:p></table:table-cell><table:table-cell table:style-name="ce74"/><table:table-cell table:style-name="ce78"/><table:table-cell table:style-name="ce78" office:value-type="float" office:value="1053" calcext:value-type="float" table:number-columns-spanned="2" table:number-rows-spanned="1"><text:p>1053</text:p></table:table-cell><table:covered-table-cell table:style-name="ce78"/><table:table-cell table:style-name="ce78"/><table:table-cell table:style-name="ce74"/><table:table-cell table:style-name="ce88" office:value-type="string" calcext:value-type="string"><text:p>Ось-4 (кг)</text:p></table:table-cell><table:table-cell table:style-name="ce91" office:value-type="float" office:value="6900" calcext:value-type="float"><text:p>6900</text:p></table:table-cell><table:table-cell table:number-columns-repeated="1014"/></table:table-row><table:table-row table:style-name="ro4"><table:table-cell/><table:table-cell office:value-type="string" calcext:value-type="string"><text:p>Ось-5 (7000 кг)</text:p></table:table-cell><table:table-cell table:style-name="ce74"/><table:table-cell table:style-name="ce78" office:value-type="float" office:value="1053" calcext:value-type="float" table:number-columns-spanned="2" table:number-rows-spanned="1"><text:p>1053</text:p></table:table-cell><table:covered-table-cell table:style-name="ce78"/><table:table-cell table:style-name="ce78" office:value-type="float" office:value="1053" calcext:value-type="float" table:number-columns-spanned="2" table:number-rows-spanned="1"><text:p>1053</text:p></table:table-cell><table:covered-table-cell table:style-name="ce78"/><table:table-cell table:style-name="ce74"/><table:table-cell table:style-name="ce88" office:value-type="string" calcext:value-type="string"><text:p>Ось-5 (кг)</text:p></table:table-cell><table:table-cell table:style-name="ce91" office:value-type="float" office:value="6900" calcext:value-type="float"><text:p>6900</text:p></table:table-cell><table:table-cell table:number-columns-repeated="1014"/></table:table-row><table:table-row table:style-name="ro4"><table:table-cell table:number-columns-repeated="2"/><table:table-cell table:style-name="ce75"/><table:table-cell table:style-name="ce78"/><table:table-cell table:style-name="ce78" office:value-type="float" office:value="1053" calcext:value-type="float" table:number-columns-spanned="2" table:number-rows-spanned="1"><text:p>1053</text:p></table:table-cell><table:covered-table-cell table:style-name="ce78"/><table:table-cell table:style-name="ce78"/><table:table-cell table:style-name="ce75"/><table:table-cell table:number-columns-repeated="1016"/></table:table-row><table:table-row table:style-name="ro4"><table:table-cell table:number-columns-repeated="3"/><table:table-cell table:style-name="ce78" office:value-type="float" office:value="1053" calcext:value-type="float" table:number-columns-spanned="2" table:number-rows-spanned="1"><text:p>1053</text:p></table:table-cell><table:covered-table-cell table:style-name="ce78"/><table:table-cell table:style-name="ce78" office:value-type="float" office:value="1053" calcext:value-type="float" table:number-columns-spanned="2" table:number-rows-spanned="1"><text:p>1053</text:p></table:table-cell><table:covered-table-cell table:style-name="ce78"/><table:table-cell table:number-columns-repeated="3"/><table:table-cell table:style-name="ce91"/><table:table-cell table:number-columns-repeated="1013"/></table:table-row><table:table-row table:style-name="ro2" table:number-rows-repeated="3"><table:table-cell table:number-columns-repeated="3"/><table:table-cell table:style-name="ce80" table:number-columns-repeated="4"/><table:table-cell table:number-columns-repeated="3"/><table:table-cell table:style-name="ce91"/><table:table-cell table:number-columns-repeated="1013"/></table:table-row><table:table-row table:style-name="ro2"><table:table-cell table:style-name="ce65" office:value-type="string" calcext:value-type="string"><text:p>Общий допустимый вес:40000 кг</text:p></table:table-cell><table:table-cell table:number-columns-repeated="2"/><table:table-cell table:style-name="ce80" table:number-columns-repeated="2"/><table:table-cell/><table:table-cell table:style-name="ce80"/><table:table-cell table:number-columns-repeated="2"/><table:table-cell table:style-name="ce88" office:value-type="string" calcext:value-type="string"><text:p><text:s/>Общий <text:s/>вес фактический (кг)</text:p></table:table-cell><table:table-cell table:style-name="ce92" office:value-type="string" calcext:value-type="string"><text:p>[&amp;n10&amp;]</text:p></table:table-cell><table:table-cell table:number-columns-repeated="1013"/></table:table-row><table:table-row table:style-name="ro2"><table:table-cell table:number-columns-repeated="3"/><table:table-cell table:style-name="ce80" table:number-columns-repeated="4"/><table:table-cell table:number-columns-repeated="3"/><table:table-cell table:style-name="ce91"/><table:table-cell table:number-columns-repeated="1013"/></table:table-row><table:table-row table:style-name="ro2"><table:table-cell table:style-name="ce66" office:value-type="string" calcext:value-type="string" table:number-columns-spanned="2" table:number-rows-spanned="1"><text:p><text:s text:c="10"/>Общий вес продукции (кг)</text:p></table:table-cell><table:covered-table-cell table:style-name="ce66"/><table:table-cell table:style-name="ce76" office:value-type="string" calcext:value-type="string" table:number-columns-spanned="3" table:number-rows-spanned="1"><text:p>[&amp;n11&amp;]</text:p></table:table-cell><table:covered-table-cell table:number-columns-repeated="2" table:style-name="ce76"/><table:table-cell table:style-name="ce66" table:number-columns-repeated="5"/><table:table-cell table:number-columns-repeated="1014"/></table:table-row><table:table-row table:style-name="ro2"><table:table-cell table:style-name="ce67"/><table:table-cell table:style-name="ce70" table:number-columns-spanned="2" table:number-rows-spanned="1"/><table:covered-table-cell table:style-name="ce70"/><table:table-cell/><table:table-cell table:style-name="ce83" table:number-columns-repeated="3"/><table:table-cell table:number-columns-repeated="1017"/></table:table-row><table:table-row table:style-name="ro2"><table:table-cell table:number-columns-repeated="1024"/></table:table-row><table:table-row table:style-name="ro2"><table:table-cell office:value-type="string" calcext:value-type="string"><text:p>Водитель перевозчика:</text:p></table:table-cell><table:table-cell table:number-columns-repeated="2"/><table:table-cell table:style-name="ce81" office:value-type="string" calcext:value-type="string"><text:p>[&amp;n12&amp;]</text:p></table:table-cell><table:table-cell table:number-columns-repeated="1020"/></table:table-row><table:table-row table:style-name="ro2"><table:table-cell table:number-columns-repeated="1024"/></table:table-row><table:table-row table:style-name="ro2"><table:table-cell office:value-type="string" calcext:value-type="string"><text:p>Водитель погрузчика: __________________________</text:p></table:table-cell><table:table-cell table:number-columns-repeated="1023"/></table:table-row><table:table-row table:style-name="ro5" table:number-rows-repeated="1048535"><table:table-cell table:number-columns-repeated="1024"/></table:table-row><table:table-row table:style-name="ro5"><table:table-cell table:number-columns-repeated="1024"/></table:table-row></table:table><table:named-expressions/></office:spreadsheet></office:body></office:document-content>