<?xml version="1.0" encoding="UTF-8"?>
<office:document-meta xmlns:office="urn:oasis:names:tc:opendocument:xmlns:office:1.0" xmlns:xlink="http://www.w3.org/1999/xlink" xmlns:dc="http://purl.org/dc/elements/1.1/" xmlns:meta="urn:oasis:names:tc:opendocument:xmlns:meta:1.0" xmlns:ooo="http://openoffice.org/2004/office" xmlns:grddl="http://www.w3.org/2003/g/data-view#" office:version="1.2"><office:meta><meta:creation-date>2016-10-20T14:29:32.473217700</meta:creation-date><dc:date>2018-06-21T10:50:58.374797473</dc:date><meta:print-date>2016-10-20T14:38:40.191451400</meta:print-date><meta:editing-cycles>21</meta:editing-cycles><meta:editing-duration>PT29M31S</meta:editing-duration><meta:generator>LibreOffice/6.0.3.2$Linux_X86_64 LibreOffice_project/00m0$Build-2</meta:generator><meta:document-statistic meta:table-count="1" meta:cell-count="65" meta:object-count="0"/></office:meta></office:document-meta>